<?xml version="1.0" encoding="UTF-8" standalone="yes"?>
<addon id="plugin.video.tvplayerlatino"
       name="TV Player Latino"
       version="1.0.0"
       provider-name="fb.com/tvplayerlatino">
  <requires>
    <import addon="xbmc.python" version="2.1.0"/>
  </requires>
  <extension point="xbmc.python.pluginsource" library="init.py">
    <provides>video</provides>
  </extension>
  <extension point="xbmc.addon.metadata">
    <summary>IPTV Player Latino</summary>
    <description>Catalogo de TV, Películas y Series</description>
    <platform>all</platform>
  </extension>
</addon>
