﻿<?xml version="1.0" encoding="UTF-8" standalone="yes"?>
<addon id="repository.maters" name="maters media repository" version="0.0.2" provider-name="vicoluis">
	<extension point="xbmc.addon.repository" name="maters media Add-on Repository">
		<info compressed="false">http://raw.github.com/vicoluis/repository.maters/master/addons.xml</info>
		<checksum>http://raw.github.com/vicoluis/repositry.maters/master/addons.xml.md5</checksum>
		<datadir zip="true">http://raw.github.com/vicoluis/repositry.maters/master/repo/</datadir>
	</extension>
	<extension point="xbmc.addon.metadata">
		<summary>maters media Addon</summary>
		<description>Addon Description</description>
		<disclaimer></disclaimer>
		<platform>all</platform>
	</extension>
</addon>